,breed,fur,fur_color,image,life_expectancy,description
1,Affenpinczer,Krótkie,Czarny,https://upload.wikimedia.org/wikipedia/commons/thumb/3/32/Affenpinscher.jpg/220px-Affenpinscher.jpg,12,Affenpinczer to mały pies o odważnym charakterze, pochodzący z Niemiec. Znany jest ze swojego szorstkiego futra i małpiej twarzy.
2,Chart afgański,Długie,Różne,https://upload.wikimedia.org/wikipedia/commons/thumb/1/16/Afghan_Hound.jpg/220px-Afghan_Hound.jpg,12,Chart afgański to elegancki pies myśliwski, znany z długiego, jedwabistego futra i łagodnego charakteru. Pochodzi z górskich terenów Afganistanu.
3,Terier airedale,Średnie,Czarny i brązowy,https://upload.wikimedia.org/wikipedia/commons/thumb/5/55/Airedale_Terrier.jpg/220px-Airedale_Terrier.jpg,11,Terier airedale to największy z terierów, pochodzi z Wielkiej Brytanii. Znany jest ze swojej inteligencji i wszechstronności.
4,Akita,Średnie,Różne,https://upload.wikimedia.org/wikipedia/commons/thumb/f/f4/Akita_Inu.jpeg/220px-Akita_Inu.jpeg,10,Akita to duży pies pochodzący z Japonii, znany ze swojej lojalności i odwagi. Ma gęste, podwójne futro i stoi na straży domu.
5,Alaskan malamut,Długie,Biały i szary,https://upload.wikimedia.org/wikipedia/commons/thumb/e/e2/Alaskan_Malamute.jpg/220px-Alaskan_Malamute.jpg,12,Alaskan malamut to jedna z najstarszych ras psów zaprzęgowych, pochodząca z Alaski. Znany jest z siły, wytrzymałości i przyjaznego charakteru.
6,American eskimo dog,Średnie,Biały,https://upload.wikimedia.org/wikipedia/commons/thumb/1/11/American_Eskimo_Dog.jpg/220px-American_Eskimo_Dog.jpg,13,American eskimo dog to rasa psa, która jest znana ze swojego puszystego, białego futra i żywej osobowości. Pochodzi z USA.
7,Amerykański foxhound,Średnie,Biały i brązowy,https://upload.wikimedia.org/wikipedia/commons/thumb/f/f1/American_Foxhound.jpg/220px-American_Foxhound.jpg,11,Amerykański foxhound to rasa psa myśliwskiego, która jest znana ze swojej wytrzymałości i szybkości. Pochodzi z USA.
8,American staffordshire terrier,Krótkie,Różne,https://upload.wikimedia.org/wikipedia/commons/thumb/5/5a/American_Staffordshire_Terrier.jpg/220px-American_Staffordshire_Terrier.jpg,12,American staffordshire terrier to muskularny pies o silnym charakterze, znany ze swojej odwagi i lojalności. Pochodzi z USA.
9,American water spaniel,Średnie,Brązowy,https://upload.wikimedia.org/wikipedia/commons/thumb/1/13/American_Water_Spaniel.jpg/220px-American_Water_Spaniel.jpg,13,American water spaniel to wszechstronny pies myśliwski, znany ze swojej zdolności do pracy zarówno na lądzie, jak i w wodzie. Pochodzi z USA.
10,Anatolian shepherd dog,Długie,Biały i brązowy,https://upload.wikimedia.org/wikipedia/commons/thumb/9/93/Anatolian_Shepherd_Dog.jpg/220px-Anatolian_Shepherd_Dog.jpg,13,Anatolian shepherd dog to duży pies pasterski, znany ze swojej niezależności i zdolności do pracy w trudnych warunkach. Pochodzi z Turcji.
11,Australian cattle dog,Krótkie,Niebieski i brązowy,https://upload.wikimedia.org/wikipedia/commons/thumb/0/0c/Australian_Cattle_Dog.jpg/220px-Australian_Cattle_Dog.jpg,13,Australian cattle dog to inteligentny i energiczny pies pracujący, znany ze swojej zdolności do prowadzenia bydła. Pochodzi z Australii.
12,Owczarek australijski,Średnie,Różne,https://upload.wikimedia.org/wikipedia/commons/thumb/a/ae/Australian_Shepherd.jpg/220px-Australian_Shepherd.jpg,13,Owczarek australijski to wszechstronny pies pasterski, znany ze swojej inteligencji i zdolności do pracy w różnych warunkach. Pochodzi z USA.
13,Australian terrier,Średnie,Brązowy,https://upload.wikimedia.org/wikipedia/commons/thumb/5/50/Australian_Terrier.jpg/220px-Australian_Terrier.jpg,14,Australian terrier to mały, ale odważny pies, znany ze swojej energii i zdolności do polowania na gryzonie. Pochodzi z Australii.
14,Basenji,Krótkie,Rudy,https://upload.wikimedia.org/wikipedia/commons/thumb/5/5c/Basenji.jpg/220px-Basenji.jpg,14,Basenji to mały pies myśliwski, znany ze swojej wyjątkowej cechy - braku szczekania. Pochodzi z Afryki Środkowej.
15,Basset hound,Krótkie,Trójkolorowy,https://upload.wikimedia.org/wikipedia/commons/thumb/0/08/Basset_Hound.jpg/220px-Basset_Hound.jpg,12,Basset hound to rasa psa myśliwskiego, znana ze swojego doskonałego węchu i długich uszu. Pochodzi z Francji.
16,Beagle,Krótkie,Trójkolorowy,https://upload.wikimedia.org/wikipedia/commons/thumb/5/55/Beagle.jpg/220px-Beagle.jpg,15,Beagle to mały pies myśliwski, znany ze swojego doskonałego węchu i przyjaznego charakteru. Pochodzi z Wielkiej Brytanii.
17,Owczarek Beardie,Długie,Różne,https://upload.wikimedia.org/wikipedia/commons/thumb/f/f5/Bearded_Collie.jpg/220px-Bearded_Collie.jpg,14,Owczarek Beardie to średniej wielkości pies pasterski, znany ze swojego długiego futra i energicznej osobowości. Pochodzi z Wielkiej Brytanii.
18,Beauceron,Krótkie,Czarny i brązowy,https://upload.wikimedia.org/wikipedia/commons/thumb/5/54/Beauceron.jpg/220px-Beauceron.jpg,12,Beauceron to duży pies pasterski, znany ze swojej inteligencji i zdolności do pracy. Pochodzi z Francji.
19,Terier bedlington,Krótkie,Szary,https://upload.wikimedia.org/wikipedia/commons/thumb/7/77/Bedlington_Terrier.jpg/220px-Bedlington_Terrier.jpg,14,Terier bedlington to mały pies, znany ze swojego wyglądu przypominającego owcę. Pochodzi z Wielkiej Brytanii.
20,Owczarek belgijski malinois,Krótkie,Czarny i brązowy,https://upload.wikimedia.org/wikipedia/commons/thumb/4/47/Malinois_dog.jpg/220px-Malinois_dog.jpg,14,Owczarek belgijski malinois to inteligentny i energiczny pies pracujący, znany ze swojej zdolności do pracy w policji i wojsku. Pochodzi z Belgii.
21,Owczarek belgijski groenendael,Średnie,Czarny,https://upload.wikimedia.org/wikipedia/commons/thumb/a/a3/Belgian_Groenendael.jpg/220px-Belgian_Groenendael.jpg,13,Owczarek belgijski groenendael to wszechstronny pies pasterski, znany ze swojej inteligencji i eleganckiego wyglądu. Pochodzi z Belgii.
22,Owczarek belgijski tervuren,Średnie,Rudy i czarny,https://upload.wikimedia.org/wikipedia/commons/thumb/4/4a/Belgian_Tervuren.jpg/220px-Belgian_Tervuren.jpg,12,Owczarek belgijski tervuren to inteligentny i energiczny pies pasterski, znany ze swojej zdolności do pracy w różnych warunkach. Pochodzi z Belgii.
23,Berneński pies pasterski,Długie,Trójkolorowy,https://upload.wikimedia.org/wikipedia/commons/thumb/6/6f/Bernese_Mountain_Dog.jpg/220px-Bernese_Mountain_Dog.jpg,8,Berneński pies pasterski to duży, przyjazny pies pasterski, znany ze swojego łagodnego charakteru i zdolności do pracy. Pochodzi ze Szwajcarii.
24,Bichon frise,Średnie,Biały,https://upload.wikimedia.org/wikipedia/commons/thumb/4/45/Bichon_Frise.jpg/220px-Bichon_Frise.jpg,14,Bichon frise to mały, przyjazny pies, znany ze swojego puszystego futra i radosnej osobowości. Pochodzi z Francji.
25,Czarny terier rosyjski,Średnie,Czarny,https://upload.wikimedia.org/wikipedia/commons/thumb/0/0a/Black_Russian_Terrier.jpg/220px-Black_Russian_Terrier.jpg,11,Czarny terier rosyjski to duży pies pracujący, znany ze swojej siły i wytrzymałości. Pochodzi z Rosji.
26,Bloodhound,Krótkie,Czarny i brązowy,https://upload.wikimedia.org/wikipedia/commons/thumb/5/52/Bloodhound.jpg/220px-Bloodhound.jpg,10,Bloodhound to rasa psa myśliwskiego, znana ze swojego doskonałego węchu i zdolności do śledzenia. Pochodzi z Belgii.
27,Bluetick coonhound,Krótkie,Biały i czarny,https://upload.wikimedia.org/wikipedia/commons/thumb/8/85/Bluetick_Coonhound.jpg/220px-Bluetick_Coonhound.jpg,11,Bluetick coonhound to rasa psa myśliwskiego, znana ze swojej zdolności do śledzenia i polowania na szopy. Pochodzi z USA.
28,Border collie,Średnie,Czarny i biały,https://upload.wikimedia.org/wikipedia/commons/thumb/9/9a/Border_Collie.jpg/220px-Border_Collie.jpg,12,Border collie to inteligentny i energiczny pies pasterski, znany ze swojej zdolności do pracy z owcami. Pochodzi z Wielkiej Brytanii.
29,Border terrier,Średnie,Brązowy,https://upload.wikimedia.org/wikipedia/commons/thumb/e/e3/Border_Terrier.jpg/220px-Border_Terrier.jpg,14,Border terrier to mały, ale odważny pies, znany ze swojej energii i zdolności do polowania na gryzonie. Pochodzi z Wielkiej Brytanii.
30,Chart borzoj,Długie,Biały,https://upload.wikimedia.org/wikipedia/commons/thumb/1/17/Borzoi.jpg/220px-Borzoi.jpg,10,Chart borzoj to elegancki pies myśliwski, znany ze swojej szybkości i zdolności do polowania na zające. Pochodzi z Rosji.
31,Boston terrier,Krótkie,Czarny i biały,https://upload.wikimedia.org/wikipedia/commons/thumb/5/51/Boston_Terrier.jpg/220px-Boston_Terrier.jpg,13,Boston terrier to mały, przyjazny pies, znany ze swojej radosnej osobowości i charakterystycznych oznakowań. Pochodzi z USA.
32,Bouvier des Flandres,Długie,Brązowy,https://upload.wikimedia.org/wikipedia/commons/thumb/2/29/Bouvier_des_Flandres.jpg/220px-Bouvier_des_Flandres.jpg,11,Bouvier des Flandres to duży pies pasterski, znany ze swojej siły i zdolności do pracy. Pochodzi z Belgii.
33,Bokser,Krótkie,Brązowy,https://upload.wikimedia.org/wikipedia/commons/thumb/9/94/Boxer.jpg/220px-Boxer.jpg,10,Bokser to duży pies, znany ze swojej siły i energii. Pochodzi z Niemiec.
34,Boykin spaniel,Średnie,Brązowy,https://upload.wikimedia.org/wikipedia/commons/thumb/0/0c/Boykin_Spaniel.jpg/220px-Boykin_Spaniel.jpg,14,Boykin spaniel to mały pies myśliwski, znany ze swojej zdolności do pracy zarówno na lądzie, jak i w wodzie. Pochodzi z USA.
35,Briard,Długie,Brązowy,https://upload.wikimedia.org/wikipedia/commons/thumb/1/1b/Briard.jpg/220px-Briard.jpg,12,Briard to duży pies pasterski, znany ze swojego długiego futra i zdolności do pracy. Pochodzi z Francji.
36,Bretania,Średnie,Brązowy,https://upload.wikimedia.org/wikipedia/commons/thumb/3/35/Brittany.jpg/220px-Brittany.jpg,12,Bretania to mały pies myśliwski, znany ze swojej energii i zdolności do pracy. Pochodzi z Francji.
37,Griffon brukselski,Średnie,Brązowy,https://upload.wikimedia.org/wikipedia/commons/thumb/5/57/Brussels_Griffon.jpg/220px-Brussels_Griffon.jpg,12,Griffon brukselski to mały pies, znany ze swojej energii i charakterystycznego wyglądu. Pochodzi z Belgii.
38,Bulterier,Krótkie,Biały,https://upload.wikimedia.org/wikipedia/commons/thumb/8/8c/Bull_Terrier.jpg/220px-Bull_Terrier.jpg,13,Bulterier to muskularny pies, znany ze swojej odwagi i charakterystycznego kształtu głowy. Pochodzi z Wielkiej Brytanii.
39,Bulldog,Krótkie,Biały i brązowy,https://upload.wikimedia.org/wikipedia/commons/thumb/0/0e/Bulldog.jpg/220px-Bulldog.jpg,8,Bulldog to średniej wielkości pies, znany ze swojej muskularnej budowy i przyjaznego charakteru. Pochodzi z Wielkiej Brytanii.
40,Bullmastiff,Krótkie,Brązowy,https://upload.wikimedia.org/wikipedia/commons/thumb/a/a7/Bullmastiff.jpg/220px-Bullmastiff.jpg,10,Bullmastiff to duży pies, znany ze swojej siły i zdolności do pracy jako pies stróżujący. Pochodzi z Wielkiej Brytanii.
41,Cairn terrier,Średnie,Brązowy,https://upload.wikimedia.org/wikipedia/commons/thumb/5/56/Cairn_Terrier.jpg/220px-Cairn_Terrier.jpg,14,Cairn terrier to mały pies, znany ze swojej energii i zdolności do polowania na gryzonie. Pochodzi z Wielkiej Brytanii.
42,Canaan dog,Krótkie,Biały i brązowy,https://upload.wikimedia.org/wikipedia/commons/thumb/1/1b/Canaan_Dog.jpg/220px-Canaan_Dog.jpg,13,Canaan dog to średniej wielkości pies, znany ze swojej wytrzymałości i zdolności do pracy jako pies pasterski. Pochodzi z Izraela.
43,Cane corso,Krótkie,Czarny,https://upload.wikimedia.org/wikipedia/commons/thumb/2/27/Cane_Corso.jpg/220px-Cane_Corso.jpg,10,Cane corso to duży pies stróżujący, znany ze swojej siły i odwagi. Pochodzi z Włoch.
44,Cardigan welsh corgi,Średnie,Brązowy i biały,https://upload.wikimedia.org/wikipedia/commons/thumb/3/35/Cardigan_Welsh_Corgi.jpg/220px-Cardigan_Welsh_Corgi.jpg,14,Cardigan welsh corgi to mały pies pasterski, znany ze swojej inteligencji i krótkich nóg. Pochodzi z Walii.
45,Cavalier King Charles spaniel,Średnie,Brązowy i biały,https://upload.wikimedia.org/wikipedia/commons/thumb/7/73/Cavalier_King_Charles_Spaniel.jpg/220px-Cavalier_King_Charles_Spaniel.jpg,12,Cavalier King Charles spaniel to mały pies, znany ze swojego przyjaznego charakteru i eleganckiego wyglądu. Pochodzi z Wielkiej Brytanii.
46,Chesapeake Bay retriever,Średnie,Brązowy,https://upload.wikimedia.org/wikipedia/commons/thumb/6/64/Chesapeake_Bay_Retriever.jpg/220px-Chesapeake_Bay_Retriever.jpg,12,Chesapeake Bay retriever to wszechstronny pies myśliwski, znany ze swojej zdolności do pracy w trudnych warunkach. Pochodzi z USA.
47,Chihuahua,Krótkie,Różne,https://upload.wikimedia.org/wikipedia/commons/thumb/1/1f/Chihuahua.jpg/220px-Chihuahua.jpg,14,Chihuahua to mały pies, znany ze swojej energii i charakterystycznego wyglądu. Pochodzi z Meksyku.
48,Chiński grzywacz,Średnie,Różne,https://upload.wikimedia.org/wikipedia/commons/thumb/3/34/Chinese_Crested.jpg/220px-Chinese_Crested.jpg,14,Chiński grzywacz to mały pies, znany ze swojego charakterystycznego wyglądu z nagą skórą i włosami na głowie. Pochodzi z Chin.
49,Shar pei,Średnie,Brązowy,https://upload.wikimedia.org/wikipedia/commons/thumb/8/85/Shar_Pei.jpg/220px-Shar_Pei.jpg,10,Shar pei to średniej wielkości pies, znany ze swojej pomarszczonej skóry i spokojnego charakteru. Pochodzi z Chin.
50,Chow chow,Długie,Czerwony,https://upload.wikimedia.org/wikipedia/commons/thumb/1/12/Chow_Chow.jpg/220px-Chow_Chow.jpg,12,Chow chow to średniej wielkości pies, znany ze swojej puszystej sierści i charakterystycznego niebieskiego języka. Pochodzi z Chin.
51,Clumber spaniel,Średnie,Biały i brązowy,https://upload.wikimedia.org/wikipedia/commons/thumb/e/e7/Clumber_Spaniel.jpg/220px-Clumber_Spaniel.jpg,10,Clumber spaniel to duży pies myśliwski, znany ze swojej zdolności do pracy w trudnych warunkach. Pochodzi z Wielkiej Brytanii.
52,Cocker spaniel,Średnie,Brązowy,https://upload.wikimedia.org/wikipedia/commons/thumb/5/5d/Cocker_Spaniel.jpg/220px-Cocker_Spaniel.jpg,12,Cocker spaniel to mały pies myśliwski, znany ze swojej energii i przyjaznego charakteru. Pochodzi z Wielkiej Brytanii.
53,Collie,Długie,Trójkolorowy,https://upload.wikimedia.org/wikipedia/commons/thumb/8/83/Collie.jpg/220px-Collie.jpg,14,Collie to średniej wielkości pies pasterski, znany ze swojej inteligencji i zdolności do pracy z owcami. Pochodzi z Wielkiej Brytanii.
54,Curly-coated retriever,Średnie,Czarny,https://upload.wikimedia.org/wikipedia/commons/thumb/2/26/Curly-coated_Retriever.jpg/220px-Curly-coated_Retriever.jpg,12,Curly-coated retriever to wszechstronny pies myśliwski, znany ze swojej zdolności do pracy zarówno na lądzie, jak i w wodzie. Pochodzi z Wielkiej Brytanii.
55,Jamnik,Krótkie,Czarny i brązowy,https://upload.wikimedia.org/wikipedia/commons/thumb/5/55/Dachshund.jpg/220px-Dachshund.jpg,12,Jamnik to mały pies myśliwski, znany ze swojej wydłużonej budowy ciała i zdolności do polowania na borsuki. Pochodzi z Niemiec.
56,Dalmatyńczyk,Krótkie,Biały i czarny,https://upload.wikimedia.org/wikipedia/commons/thumb/7/78/Dalmatian.jpg/220px-Dalmatian.jpg,12,Dalmatyńczyk to średniej wielkości pies, znany ze swojego charakterystycznego umaszczenia w białe i czarne plamy. Pochodzi z Chorwacji.
57,Dandie dinmont terrier,Średnie,Brązowy,https://upload.wikimedia.org/wikipedia/commons/thumb/5/54/Dandie_Dinmont_Terrier.jpg/220px-Dandie_Dinmont_Terrier.jpg,13,Dandie dinmont terrier to mały pies, znany ze swojej wydłużonej budowy ciała i zdolności do polowania na gryzonie. Pochodzi z Wielkiej Brytanii.
58,Doberman,Krótkie,Czarny i brązowy,https://upload.wikimedia.org/wikipedia/commons/thumb/5/55/Doberman.jpg/220px-Doberman.jpg,10,Doberman to duży pies stróżujący, znany ze swojej inteligencji i zdolności do pracy jako pies policyjny. Pochodzi z Niemiec.
59,Dogue de Bordeaux,Krótkie,Czerwony,https://upload.wikimedia.org/wikipedia/commons/thumb/5/52/Dogue_de_Bordeaux.jpg/220px-Dogue_de_Bordeaux.jpg,10,Dogue de Bordeaux to duży pies stróżujący, znany ze swojej siły i odwagi. Pochodzi z Francji.
60,English cocker spaniel,Średnie,Brązowy,https://upload.wikimedia.org/wikipedia/commons/thumb/7/75/English_Cocker_Spaniel.jpg/220px-English_Cocker_Spaniel.jpg,12,English cocker spaniel to mały pies myśliwski, znany ze swojej energii i przyjaznego charakteru. Pochodzi z Wielkiej Brytanii.
61,Seter angielski,Długie,Biały i czarny,https://upload.wikimedia.org/wikipedia/commons/thumb/5/5d/English_Setter.jpg/220px-English_Setter.jpg,12,Seter angielski to średniej wielkości pies myśliwski, znany ze swojej elegancji i zdolności do pracy w polu. Pochodzi z Wielkiej Brytanii.
62,Springer spaniel angielski,Średnie,Biały i czarny,https://upload.wikimedia.org/wikipedia/commons/thumb/9/98/English_Springer_Spaniel.jpg/220px-English_Springer_Spaniel.jpg,12,Springer spaniel angielski to mały pies myśliwski, znany ze swojej energii i zdolności do pracy w trudnych warunkach. Pochodzi z Wielkiej Brytanii.
63,English toy spaniel,Średnie,Brązowy i biały,https://upload.wikimedia.org/wikipedia/commons/thumb/5/51/English_Toy_Spaniel.jpg/220px-English_Toy_Spaniel.jpg,12,English toy spaniel to mały pies, znany ze swojej przyjaznej osobowości i eleganckiego wyglądu. Pochodzi z Wielkiej Brytanii.
64,Entlebucher,Średnie,Trójkolorowy,https://upload.wikimedia.org/wikipedia/commons/thumb/1/1d/Entlebucher_Mountain_Dog.jpg/220px-Entlebucher_Mountain_Dog.jpg,12,Entlebucher to średniej wielkości pies pasterski, znany ze swojej wytrzymałości i zdolności do pracy. Pochodzi ze Szwajcarii.
65,Field spaniel,Średnie,Brązowy,https://upload.wikimedia.org/wikipedia/commons/thumb/5/55/Field_Spaniel.jpg/220px-Field_Spaniel.jpg,12,Field spaniel to mały pies myśliwski, znany ze swojej energii i zdolności do pracy w polu. Pochodzi z Wielkiej Brytanii.
66,Szpic fiński,Średnie,Rudy,https://upload.wikimedia.org/wikipedia/commons/thumb/9/94/Finnish_Spitz.jpg/220px-Finnish_Spitz.jpg,12,Szpic fiński to średniej wielkości pies, znany ze swojej energii i zdolności do pracy w trudnych warunkach. Pochodzi z Finlandii.
67,Flat-coated retriever,Długie,Czarny,https://upload.wikimedia.org/wikipedia/commons/thumb/2/26/Flat-Coated_Retriever.jpg/220px-Flat-Coated_Retriever.jpg,10,Flat-coated retriever to wszechstronny pies myśliwski, znany ze swojej zdolności do pracy zarówno na lądzie, jak i w wodzie. Pochodzi z Wielkiej Brytanii.
68,Bulldog francuski,Krótkie,Biały i czarny,https://upload.wikimedia.org/wikipedia/commons/thumb/5/56/French_Bulldog.jpg/220px-French_Bulldog.jpg,11,Bulldog francuski to mały pies, znany ze swojej muskularnej budowy i przyjaznego charakteru. Pochodzi z Francji.
69,Pinscher niemiecki,Krótkie,Czarny i brązowy,https://upload.wikimedia.org/wikipedia/commons/thumb/5/5e/German_Pincher.jpg/220px-German_Pincher.jpg,14,Pinscher niemiecki to średniej wielkości pies, znany ze swojej energii i zdolności do pracy jako pies stróżujący. Pochodzi z Niemiec.
70,Owczarek niemiecki,Krótkie,Czarny i brązowy,https://upload.wikimedia.org/wikipedia/commons/thumb/5/5e/German_Shepherd_Dog.jpg/220px-German_Shepherd_Dog.jpg,10,Owczarek niemiecki to duży pies pracujący, znany ze swojej inteligencji i zdolności do pracy jako pies policyjny i wojskowy. Pochodzi z Niemiec.
71,Wyżeł niemiecki krótkowłosy,Krótkie,Czarny i biały,https://upload.wikimedia.org/wikipedia/commons/thumb/e/e5/German_Shorthaired_Pointer.jpg/220px-German_Shorthaired_Pointer.jpg,12,Wyżeł niemiecki krótkowłosy to wszechstronny pies myśliwski, znany ze swojej zdolności do pracy zarówno na lądzie, jak i w wodzie. Pochodzi z Niemiec.
72,Wyżeł niemiecki szorstkowłosy,Średnie,Czarny i biały,https://upload.wikimedia.org/wikipedia/commons/thumb/3/3f/German_Wirehaired_Pointer.jpg/220px-German_Wirehaired_Pointer.jpg,14,Wyżeł niemiecki szorstkowłosy to wszechstronny pies myśliwski, znany ze swojej zdolności do pracy zarówno na lądzie, jak i w wodzie. Pochodzi z Niemiec.
73,Sznaucer olbrzym,Średnie,Czarny,https://upload.wikimedia.org/wikipedia/commons/thumb/e/e4/Giant_Schnauzer.jpg/220px-Giant_Schnauzer.jpg,10,Sznaucer olbrzym to duży pies pracujący, znany ze swojej siły i zdolności do pracy jako pies stróżujący. Pochodzi z Niemiec.
74,Glen of Imaal terrier,Średnie,Brązowy,https://upload.wikimedia.org/wikipedia/commons/thumb/5/57/Glen_of_Imaal_Terrier.jpg/220px-Glen_of_Imaal_Terrier.jpg,14,Glen of Imaal terrier to mały pies, znany ze swojej energii i zdolności do polowania na gryzonie. Pochodzi z Irlandii.
75,Golden retriever,Średnie,Złoty,https://upload.wikimedia.org/wikipedia/commons/thumb/3/36/Golden_Retriever.jpg/220px-Golden_Retriever.jpg,12,Golden retriever to wszechstronny pies myśliwski, znany ze swojej zdolności do pracy zarówno na lądzie, jak i w wodzie. Pochodzi z Wielkiej Brytanii.
76,Seter gordon,Długie,Czarny i brązowy,https://upload.wikimedia.org/wikipedia/commons/thumb/2/26/Gordon_Setter.jpg/220px-Gordon_Setter.jpg,12,Seter gordon to średniej wielkości pies myśliwski, znany ze swojej elegancji i zdolności do pracy w polu. Pochodzi z Wielkiej Brytanii.
77,Dog niemiecki,Krótkie,Różne,https://upload.wikimedia.org/wikipedia/commons/thumb/5/55/Great_Dane.jpg/220px-Great_Dane.jpg,8,Dog niemiecki to duży pies, znany ze swojej imponującej wielkości i łagodnego charakteru. Pochodzi z Niemiec.
78,Pirenejski pies górski,Długie,Biały,https://upload.wikimedia.org/wikipedia/commons/thumb/6/60/Great_Pyrenees.jpg/220px-Great_Pyrenees.jpg,10,Pirenejski pies górski to duży pies pasterski, znany ze swojej zdolności do pracy w trudnych warunkach. Pochodzi z Francji.
79,Greater swiss mountain dog,Średnie,Trójkolorowy,https://upload.wikimedia.org/wikipedia/commons/thumb/e/e6/Greater_Swiss_Mountain_Dog.jpg/220px-Greater_Swiss_Mountain_Dog.jpg,10,Greater swiss mountain dog to duży pies pasterski, znany ze swojej siły i zdolności do pracy. Pochodzi ze Szwajcarii.
80,Chart greyhound,Krótkie,Różne,https://upload.wikimedia.org/wikipedia/commons/thumb/9/9f/Greyhound.jpg/220px-Greyhound.jpg,10,Chart greyhound to elegancki pies myśliwski, znany ze swojej szybkości i zdolności do polowania na zające. Pochodzi z Wielkiej Brytanii.
81,Hawańczyk,Średnie,Biały i brązowy,https://upload.wikimedia.org/wikipedia/commons/thumb/7/7f/Havanese.jpg/220px-Havanese.jpg,14,Hawańczyk to mały pies, znany ze swojej przyjaznej osobowości i eleganckiego wyglądu. Pochodzi z Kuby.
82,Chart iberyjski,Krótkie,Rudy i biały,https://upload.wikimedia.org/wikipedia/commons/thumb/5/53/Ibizan_Hound.jpg/220px-Ibizan_Hound.jpg,12,Chart iberyjski to elegancki pies myśliwski, znany ze swojej szybkości i zdolności do polowania na króliki. Pochodzi z Hiszpanii.
83,Islandzki pies pasterski,Średnie,Trójkolorowy,https://upload.wikimedia.org/wikipedia/commons/thumb/5/50/Icelandic_Sheepdog.jpg/220px-Icelandic_Sheepdog.jpg,12,Islandzki pies pasterski to średniej wielkości pies pasterski, znany ze swojej wytrzymałości i zdolności do pracy w trudnych warunkach. Pochodzi z Islandii.
84,Seter irlandzki czerwono-biały,Długie,Czerwony i biały,https://upload.wikimedia.org/wikipedia/commons/thumb/5/5d/Irish_Red_and_White_Setter.jpg/220px-Irish_Red_and_White_Setter.jpg,12,Seter irlandzki czerwono-biały to elegancki pies myśliwski, znany ze swojej zdolności do pracy w polu. Pochodzi z Irlandii.
85,Seter irlandzki,Długie,Czerwony,https://upload.wikimedia.org/wikipedia/commons/thumb/9/92/Irish_Setter.jpg/220px-Irish_Setter.jpg,12,Seter irlandzki to elegancki pies myśliwski, znany ze swojej zdolności do pracy w polu. Pochodzi z Irlandii.
86,Terier irlandzki,Średnie,Rudy,https://upload.wikimedia.org/wikipedia/commons/thumb/2/21/Irish_Terrier.jpg/220px-Irish_Terrier.jpg,13,Terier irlandzki to mały pies, znany ze swojej energii i zdolności do polowania na gryzonie. Pochodzi z Irlandii.
87,Spaniel irlandzki,Średnie,Czerwony,https://upload.wikimedia.org/wikipedia/commons/thumb/4/43/Irish_Spaniel.jpg/220px-Irish_Spaniel.jpg,12,Spaniel irlandzki to wszechstronny pies myśliwski, znany ze swojej zdolności do pracy zarówno na lądzie, jak i w wodzie. Pochodzi z Irlandii.
88,Chart irlandzki wilczarz,Długie,Czarny i brązowy,https://upload.wikimedia.org/wikipedia/commons/thumb/f/f1/Irish_Wolfhound.jpg/220px-Irish_Wolfhound.jpg,8,Chart irlandzki wilczarz to duży pies myśliwski, znany ze swojej imponującej wielkości i zdolności do polowania na wilki. Pochodzi z Irlandii.
89,Chart włoski,Krótkie,Czarny i biały,https://upload.wikimedia.org/wikipedia/commons/thumb/a/a1/Italian_Greyhound.jpg/220px-Italian_Greyhound.jpg,14,Chart włoski to elegancki pies myśliwski, znany ze swojej szybkości i zdolności do polowania na króliki. Pochodzi z Włoch.
90,Chin japoński,Średnie,Biały i czarny,https://upload.wikimedia.org/wikipedia/commons/thumb/7/7e/Japanese_Chin.jpg/220px-Japanese_Chin.jpg,12,Chin japoński to mały pies, znany ze swojej przyjaznej osobowości i eleganckiego wyglądu. Pochodzi z Japonii.
91,Keeshond,Średnie,Szary i czarny,https://upload.wikimedia.org/wikipedia/commons/thumb/5/5e/Keeshond.jpg/220px-Keeshond.jpg,12,Keeshond to średniej wielkości pies, znany ze swojej energii i puszystego futra. Pochodzi z Holandii.
92,Kerry blue terrier,Średnie,Niebieski,https://upload.wikimedia.org/wikipedia/commons/thumb/3/34/Kerry_Blue_Terrier.jpg/220px-Kerry_Blue_Terrier.jpg,12,Kerry blue terrier to mały pies, znany ze swojej energii i zdolności do polowania na gryzonie. Pochodzi z Irlandii.
93,Komondor,Długie,Biały,https://upload.wikimedia.org/wikipedia/commons/thumb/7/72/Komondor.jpg/220px-Komondor.jpg,12,Komondor to duży pies pasterski, znany ze swojej charakterystycznej sierści w formie sznurków. Pochodzi z Węgier.
94,Kuvasz,Długie,Biały,https://upload.wikimedia.org/wikipedia/commons/thumb/f/f4/Kuvasz.jpg/220px-Kuvasz.jpg,12,Kuvasz to duży pies pasterski, znany ze swojej zdolności do pracy w trudnych warunkach. Pochodzi z Węgier.
95,Labrador retriever,Średnie,Różne,https://upload.wikimedia.org/wikipedia/commons/thumb/8/83/Labrador_Retriever.jpg/220px-Labrador_Retriever.jpg,12,Labrador retriever to wszechstronny pies myśliwski, znany ze swojej zdolności do pracy zarówno na lądzie, jak i w wodzie. Pochodzi z Kanady.
96,Lakeland terrier,Średnie,Brązowy,https://upload.wikimedia.org/wikipedia/commons/thumb/9/99/Lakeland_Terrier.jpg/220px-Lakeland_Terrier.jpg,14,Lakeland terrier to mały pies, znany ze swojej energii i zdolności do polowania na gryzonie. Pochodzi z Wielkiej Brytanii.
97,Leonberger,Długie,Brązowy,https://upload.wikimedia.org/wikipedia/commons/thumb/5/5e/Leonberger.jpg/220px-Leonberger.jpg,9,Leonberger to duży pies, znany ze swojej imponującej wielkości i przyjaznego charakteru. Pochodzi z Niemiec.
98,Lhasa apso,Średnie,Brązowy i biały,https://upload.wikimedia.org/wikipedia/commons/thumb/5/54/Lhasa_Apso.jpg/220px-Lhasa_Apso.jpg,14,Lhasa apso to mały pies, znany ze swojej długiej sierści i eleganckiego wyglądu. Pochodzi z Tybetu.
99,Lowchen,Średnie,Brązowy,https://upload.wikimedia.org/wikipedia/commons/thumb/f/f1/Lowchen.jpg/220px-Lowchen.jpg,14,Lowchen to mały pies, znany ze swojej przyjaznej osobowości i eleganckiego wyglądu. Pochodzi z Francji.
100,Maltese,Długie,Biały,https://upload.wikimedia.org/wikipedia/commons/thumb/5/51/Maltese.jpg/220px-Maltese.jpg,14,Maltese to mały pies, znany ze swojej długiej, białej sierści i eleganckiego wyglądu. Pochodzi z Malty.
101,Manchester terrier,Krótkie,Czarny i brązowy,https://upload.wikimedia.org/wikipedia/commons/thumb/5/55/Manchester_Terrier.jpg/220px-Manchester_Terrier.jpg,14,Manchester terrier to mały pies, znany ze swojej energii i zdolności do polowania na gryzonie. Pochodzi z Wielkiej Brytanii.
102,Mastiff,Krótkie,Brązowy,https://upload.wikimedia.org/wikipedia/commons/thumb/5/5f/Mastiff.jpg/220px-Mastiff.jpg,10,Mastiff to duży pies stróżujący, znany ze swojej siły i imponującej wielkości. Pochodzi z Wielkiej Brytanii.
103,Sznaucer miniaturowy,Średnie,Czarny i biały,https://upload.wikimedia.org/wikipedia/commons/thumb/5/57/Miniature_Schnauzer.jpg/220px-Miniature_Schnauzer.jpg,14,Sznaucer miniaturowy to mały pies, znany ze swojej energii i przyjaznego charakteru. Pochodzi z Niemiec.
104,Mastif neapolitański,Krótkie,Brązowy,https://upload.wikimedia.org/wikipedia/commons/thumb/5/52/Neapolitan_Mastiff.jpg/220px-Neapolitan_Mastiff.jpg,10,Mastif neapolitański to duży pies stróżujący, znany ze swojej siły i imponującej wielkości. Pochodzi z Włoch.
105,Nowofundland,Długie,Czarny,https://upload.wikimedia.org/wikipedia/commons/thumb/5/55/Newfoundland.jpg/220px-Newfoundland.jpg,10,Nowofundland to duży pies, znany ze swojej siły i zdolności do pracy w wodzie. Pochodzi z Kanady.
106,Norfolk terrier,Średnie,Brązowy,https://upload.wikimedia.org/wikipedia/commons/thumb/5/57/Norfolk_Terrier.jpg/220px-Norfolk_Terrier.jpg,14,Norfolk terrier to mały pies, znany ze swojej energii i zdolności do polowania na gryzonie. Pochodzi z Wielkiej Brytanii.
107,Norwegian buhund,Średnie,Brązowy,https://upload.wikimedia.org/wikipedia/commons/thumb/5/57/Norwegian_Buhund.jpg/220px-Norwegian_Buhund.jpg,14,Norwegian buhund to średniej wielkości pies pasterski, znany ze swojej wytrzymałości i zdolności do pracy w trudnych warunkach. Pochodzi z Norwegii.
108,Elkhund norweski,Średnie,Szary,https://upload.wikimedia.org/wikipedia/commons/thumb/5/57/Norwegian_Elkhound.jpg/220px-Norwegian_Elkhound.jpg,12,Elkhund norweski to średniej wielkości pies myśliwski, znany ze swojej zdolności do polowania na łosie. Pochodzi z Norwegii.
109,Norwegian lundehund,Średnie,Rudy i biały,https://upload.wikimedia.org/wikipedia/commons/thumb/5/57/Norwegian_Lundehund.jpg/220px-Norwegian_Lundehund.jpg,12,Norwegian lundehund to mały pies, znany ze swojej zdolności do wspinaczki i polowania na ptaki. Pochodzi z Norwegii.
110,Norwich terrier,Średnie,Brązowy,https://upload.wikimedia.org/wikipedia/commons/thumb/5/57/Norwich_Terrier.jpg/220px-Norwich_Terrier.jpg,14,Norwich terrier to mały pies, znany ze swojej energii i zdolności do polowania na gryzonie. Pochodzi z Wielkiej Brytanii.
111,Nova Scotia duck tolling retriever,Średnie,Rudy i biały,https://upload.wikimedia.org/wikipedia/commons/thumb/5/57/Nova_Scotia_Duck_Tolling_Retriever.jpg/220px-Nova_Scotia_Duck_Tolling_Retriever.jpg,12,Nova Scotia duck tolling retriever to wszechstronny pies myśliwski, znany ze swojej zdolności do pracy zarówno na lądzie, jak i w wodzie. Pochodzi z Kanady.
112,Owczarek staroangielski,Długie,Biały i szary,https://upload.wikimedia.org/wikipedia/commons/thumb/5/57/Old_English_Sheepdog.jpg/220px-Old_English_Sheepdog.jpg,11,Owczarek staroangielski to duży pies pasterski, znany ze swojej wytrzymałości i zdolności do pracy w trudnych warunkach. Pochodzi z Wielkiej Brytanii.
113,Otterhound,Długie,Brązowy,https://upload.wikimedia.org/wikipedia/commons/thumb/5/57/Otterhound.jpg/220px-Otterhound.jpg,10,Otterhound to duży pies myśliwski, znany ze swojej zdolności do polowania na wydry. Pochodzi z Wielkiej Brytanii.
114,Papillon,Średnie,Biały i czarny,https://upload.wikimedia.org/wikipedia/commons/thumb/5/57/Papillon.jpg/220px-Papillon.jpg,14,Papillon to mały pies, znany ze swojej przyjaznej osobowości i eleganckiego wyglądu. Pochodzi z Francji.
115,Parson Russell terrier,Średnie,Biały i brązowy,https://upload.wikimedia.org/wikipedia/commons/thumb/5/57/Parson_Russell_Terrier.jpg/220px-Parson_Russell_Terrier.jpg,13,Parson Russell terrier to mały pies, znany ze swojej energii i zdolności do polowania na gryzonie. Pochodzi z Wielkiej Brytanii.
116,Pekińczyk,Średnie,Brązowy,https://upload.wikimedia.org/wikipedia/commons/thumb/5/57/Pekingese.jpg/220px-Pekingese.jpg,12,Pekińczyk to mały pies, znany ze swojej przyjaznej osobowości i eleganckiego wyglądu. Pochodzi z Chin.
117,Pembroke welsh corgi,Średnie,Biały i brązowy,https://upload.wikimedia.org/wikipedia/commons/thumb/5/57/Pembroke_Welsh_Corgi.jpg/220px-Pembroke_Welsh_Corgi.jpg,12,Pembroke welsh corgi to mały pies pasterski, znany ze swojej inteligencji i krótkich nóg. Pochodzi z Walii.
118,Petit basset griffon vendeen,Średnie,Biały i brązowy,https://upload.wikimedia.org/wikipedia/commons/thumb/5/57/Petit_Basset_Griffon_Vendeen.jpg/220px-Petit_Basset_Griffon_Vendeen.jpg,14,Petit basset griffon vendeen to mały pies myśliwski, znany ze swojej energii i zdolności do polowania na zające. Pochodzi z Francji.
119,Chart faraona,Krótkie,Brązowy,https://upload.wikimedia.org/wikipedia/commons/thumb/5/57/Pharaoh_Hound.jpg/220px-Pharaoh_Hound.jpg,12,Chart faraona to elegancki pies myśliwski, znany ze swojej szybkości i zdolności do polowania na króliki. Pochodzi z Malty.
120,Plott,Średnie,Brązowy i czarny,https://upload.wikimedia.org/wikipedia/commons/thumb/5/57/Plott_Hound.jpg/220px-Plott_Hound.jpg,12,Plott to średniej wielkości pies myśliwski, znany ze swojej zdolności do polowania na dziki. Pochodzi z USA.
121,Pointer,Krótkie,Biały i brązowy,https://upload.wikimedia.org/wikipedia/commons/thumb/5/57/Pointer.jpg/220px-Pointer.jpg,13,Pointer to wszechstronny pies myśliwski, znany ze swojej zdolności do pracy w polu. Pochodzi z Wielkiej Brytanii.
122,Pomeranian,Średnie,Rudy,https://upload.wikimedia.org/wikipedia/commons/thumb/5/57/Pomeranian.jpg/220px-Pomeranian.jpg,14,Pomeranian to mały pies, znany ze swojej energii i puszystego futra. Pochodzi z Niemiec.
123,Pudel,Średnie,Biały,https://upload.wikimedia.org/wikipedia/commons/thumb/5/57/Poodle.jpg/220px-Poodle.jpg,12,Pudel to wszechstronny pies, znany ze swojej inteligencji i zdolności do pracy w wodzie. Pochodzi z Niemiec.
124,Portugalski pies wodny,Średnie,Czarny,https://upload.wikimedia.org/wikipedia/commons/thumb/5/57/Portuguese_Water_Dog.jpg/220px-Portuguese_Water_Dog.jpg,12,Portugalski pies wodny to wszechstronny pies myśliwski, znany ze swojej zdolności do pracy zarówno na lądzie, jak i w wodzie. Pochodzi z Portugalii.
125,Saint Bernard,Długie,Brązowy i biały,https://upload.wikimedia.org/wikipedia/commons/thumb/5/57/Saint_Bernard.jpg/220px-Saint_Bernard.jpg,10,Saint Bernard to duży pies ratowniczy, znany ze swojej siły i zdolności do pracy w trudnych warunkach. Pochodzi ze Szwajcarii.
126,Silky terrier,Średnie,Brązowy i biały,https://upload.wikimedia.org/wikipedia/commons/thumb/5/57/Silky_Terrier.jpg/220px-Silky_Terrier.jpg,14,Silky terrier to mały pies, znany ze swojej energii i eleganckiego wyglądu. Pochodzi z Australii.
127,Smooth fox terrier,Średnie,Biały i brązowy,https://upload.wikimedia.org/wikipedia/commons/thumb/5/57/Smooth_Fox_Terrier.jpg/220px-Smooth_Fox_Terrier.jpg,12,Smooth fox terrier to mały pies, znany ze swojej energii i zdolności do polowania na gryzonie. Pochodzi z Wielkiej Brytanii.
128,Mastif tybetański,Długie,Rudy i czarny,https://upload.wikimedia.org/wikipedia/commons/thumb/5/57/Tibetan_Mastiff.jpg/220px-Tibetan_Mastiff.jpg,10,Mastif tybetański to duży pies stróżujący, znany ze swojej siły i imponującej wielkości. Pochodzi z Tybetu.
129,Springer spaniel walijski,Średnie,Biały i brązowy,https://upload.wikimedia.org/wikipedia/commons/thumb/5/57/Welsh_Springer_Spaniel.jpg/220px-Welsh_Springer_Spaniel.jpg,13,Springer spaniel walijski to mały pies myśliwski, znany ze swojej energii i zdolności do pracy w trudnych warunkach. Pochodzi z Walii.
130,Griffon wyżłowy szorstkowłosy,Średnie,Biały i brązowy,https://upload.wikimedia.org/wikipedia/commons/thumb/5/57/Wirehaired_Pointing_Griffon.jpg/220px-Wirehaired_Pointing_Griffon.jpg,12,Griffon wyżłowy szorstkowłosy to wszechstronny pies myśliwski, znany ze swojej zdolności do pracy zarówno na lądzie, jak i w wodzie. Pochodzi z Francji.
131,Xoloitzcuintli,Krótkie,Czarny,https://upload.wikimedia.org/wikipedia/commons/thumb/5/57/Xoloitzcuintli.jpg/220px-Xoloitzcuintli.jpg,14,Xoloitzcuintli to starożytna rasa psa, znana ze swojej nagiej skóry i spokojnego charakteru. Pochodzi z Meksyku.
132,Yorkshire terrier,Średnie,Brązowy i czarny,https://upload.wikimedia.org/wikipedia/commons/thumb/5/57/Yorkshire_Terrier.jpg/220px-Yorkshire_Terrier.jpg,14,Yorkshire terrier to mały pies, znany ze swojej energii i eleganckiego wyglądu. Pochodzi z Wielkiej Brytanii.
